variant,model,scope,stratum,effect,ci_lo,ci_hi,ci_method,bca_lo,bca_hi,bca_method,jackknife_min,jackknife_max,unit_of_resampling,n_independent_clusters,n_lower_level_obs,n_settings,method,assumptions
vs_classical_orig,gpc,ember_m1,all,-0.004950908396241615,-0.025657178862068804,0.015755362069585572,cluster_t,-0.024266932869468266,0.0046082888160311995,bca,-0.007972852946640989,0.0018408353892415568,qsplit_seed,5,135,9,"t-interval on 5 qsplit-cluster nested means (Ibragimov-Muller, conditional sensitivity)","qsplit clusters ~independent given fixed benchmark pools (audited overlap <=1.2% EMBER, <=7.8% netflow OOD); cluster means approx normal; master seed and size are fixed strata inside clusters; CONDITIONAL pipeline-realization uncertainty -- not inference about a population of datasets or shifts"
vs_classical_orig,gpc,ember_m1,q1000,-0.018185168656217183,-0.05193733275501715,0.015566995442582787,cluster_t,,,,,,qsplit_seed,5,45,3,t-interval on qsplit-cluster means within size stratum,"qsplit clusters ~independent given fixed benchmark pools (audited overlap <=1.2% EMBER, <=7.8% netflow OOD); cluster means approx normal; master seed and size are fixed strata inside clusters; CONDITIONAL pipeline-realization uncertainty -- not inference about a population of datasets or shifts"
vs_classical_orig,gpc,ember_m1,q2000,0.004187105094268555,-0.032094355774047435,0.040468565962584545,cluster_t,,,,,,qsplit_seed,5,45,3,t-interval on qsplit-cluster means within size stratum,"qsplit clusters ~independent given fixed benchmark pools (audited overlap <=1.2% EMBER, <=7.8% netflow OOD); cluster means approx normal; master seed and size are fixed strata inside clusters; CONDITIONAL pipeline-realization uncertainty -- not inference about a population of datasets or shifts"
vs_classical_orig,gpc,ember_m1,q4000,-0.0008546616267762194,-0.022452248717876894,0.020742925464324453,cluster_t,,,,,,qsplit_seed,5,45,3,t-interval on qsplit-cluster means within size stratum,"qsplit clusters ~independent given fixed benchmark pools (audited overlap <=1.2% EMBER, <=7.8% netflow OOD); cluster means approx normal; master seed and size are fixed strata inside clusters; CONDITIONAL pipeline-realization uncertainty -- not inference about a population of datasets or shifts"
vs_classical_orig,gpc,ember_m2,all,0.014909543561391769,0.011610006441910261,0.018209080680873277,cluster_t,0.013113639376147795,0.017362881629063524,bca,0.01391445430162528,0.015530918271400691,qsplit_seed,5,135,9,"t-interval on 5 qsplit-cluster nested means (Ibragimov-Muller, conditional sensitivity)","qsplit clusters ~independent given fixed benchmark pools (audited overlap <=1.2% EMBER, <=7.8% netflow OOD); cluster means approx normal; master seed and size are fixed strata inside clusters; CONDITIONAL pipeline-realization uncertainty -- not inference about a population of datasets or shifts"
vs_classical_orig,gpc,ember_m2,q1000,0.005780687399246346,-0.005548131415556337,0.01710950621404903,cluster_t,,,,,,qsplit_seed,5,45,3,t-interval on qsplit-cluster means within size stratum,"qsplit clusters ~independent given fixed benchmark pools (audited overlap <=1.2% EMBER, <=7.8% netflow OOD); cluster means approx normal; master seed and size are fixed strata inside clusters; CONDITIONAL pipeline-realization uncertainty -- not inference about a population of datasets or shifts"
vs_classical_orig,gpc,ember_m2,q2000,0.01687477044587255,0.007645166023079958,0.026104374868665146,cluster_t,,,,,,qsplit_seed,5,45,3,t-interval on qsplit-cluster means within size stratum,"qsplit clusters ~independent given fixed benchmark pools (audited overlap <=1.2% EMBER, <=7.8% netflow OOD); cluster means approx normal; master seed and size are fixed strata inside clusters; CONDITIONAL pipeline-realization uncertainty -- not inference about a population of datasets or shifts"
vs_classical_orig,gpc,ember_m2,q4000,0.02207317283905641,0.00879393455564549,0.03535241112246733,cluster_t,,,,,,qsplit_seed,5,45,3,t-interval on qsplit-cluster means within size stratum,"qsplit clusters ~independent given fixed benchmark pools (audited overlap <=1.2% EMBER, <=7.8% netflow OOD); cluster means approx normal; master seed and size are fixed strata inside clusters; CONDITIONAL pipeline-realization uncertainty -- not inference about a population of datasets or shifts"
vs_classical_orig,gpc,toniot_scanning_m2_centroid,all,0.03133696772305383,0.007981696754038141,0.054692238692069524,cluster_t,0.02044687698982105,0.05460095845671241,bca,0.02328535886154487,0.034463414752016475,qsplit_seed,5,135,9,"t-interval on 5 qsplit-cluster nested means (Ibragimov-Muller, conditional sensitivity)","qsplit clusters ~independent given fixed benchmark pools (audited overlap <=1.2% EMBER, <=7.8% netflow OOD); cluster means approx normal; master seed and size are fixed strata inside clusters; CONDITIONAL pipeline-realization uncertainty -- not inference about a population of datasets or shifts"
vs_classical_orig,gpc,toniot_scanning_m2_centroid,q1000,0.04324177872006402,-0.009464462717071541,0.09594802015719958,cluster_t,,,,,,qsplit_seed,5,45,3,t-interval on qsplit-cluster means within size stratum,"qsplit clusters ~independent given fixed benchmark pools (audited overlap <=1.2% EMBER, <=7.8% netflow OOD); cluster means approx normal; master seed and size are fixed strata inside clusters; CONDITIONAL pipeline-realization uncertainty -- not inference about a population of datasets or shifts"
vs_classical_orig,gpc,toniot_scanning_m2_centroid,q2000,0.02396416177903182,0.017631135235277158,0.03029718832278648,cluster_t,,,,,,qsplit_seed,5,45,3,t-interval on qsplit-cluster means within size stratum,"qsplit clusters ~independent given fixed benchmark pools (audited overlap <=1.2% EMBER, <=7.8% netflow OOD); cluster means approx normal; master seed and size are fixed strata inside clusters; CONDITIONAL pipeline-realization uncertainty -- not inference about a population of datasets or shifts"
vs_classical_orig,gpc,toniot_scanning_m2_centroid,q4000,0.026804962670065668,0.012492222909126832,0.0411177024310045,cluster_t,,,,,,qsplit_seed,5,45,3,t-interval on qsplit-cluster means within size stratum,"qsplit clusters ~independent given fixed benchmark pools (audited overlap <=1.2% EMBER, <=7.8% netflow OOD); cluster means approx normal; master seed and size are fixed strata inside clusters; CONDITIONAL pipeline-realization uncertainty -- not inference about a population of datasets or shifts"
vs_classical_orig,gpc,toniot_scanning_natural_cur,all,-0.004601472856115387,-0.01598224364379369,0.006779297931562916,cluster_t,-0.012359042370000111,0.0019122749158711424,bca,-0.007495220313509741,-0.001689209976396819,qsplit_seed,5,135,9,"t-interval on 5 qsplit-cluster nested means (Ibragimov-Muller, conditional sensitivity)","qsplit clusters ~independent given fixed benchmark pools (audited overlap <=1.2% EMBER, <=7.8% netflow OOD); cluster means approx normal; master seed and size are fixed strata inside clusters; CONDITIONAL pipeline-realization uncertainty -- not inference about a population of datasets or shifts"
vs_classical_orig,gpc,toniot_scanning_natural_cur,q1000,-0.009248307707071987,-0.033199504757823003,0.014702889343679028,cluster_t,,,,,,qsplit_seed,5,45,3,t-interval on qsplit-cluster means within size stratum,"qsplit clusters ~independent given fixed benchmark pools (audited overlap <=1.2% EMBER, <=7.8% netflow OOD); cluster means approx normal; master seed and size are fixed strata inside clusters; CONDITIONAL pipeline-realization uncertainty -- not inference about a population of datasets or shifts"
vs_classical_orig,gpc,toniot_scanning_natural_cur,q2000,0.00017860477806512683,-0.009329852805333204,0.009687062361463458,cluster_t,,,,,,qsplit_seed,5,45,3,t-interval on qsplit-cluster means within size stratum,"qsplit clusters ~independent given fixed benchmark pools (audited overlap <=1.2% EMBER, <=7.8% netflow OOD); cluster means approx normal; master seed and size are fixed strata inside clusters; CONDITIONAL pipeline-realization uncertainty -- not inference about a population of datasets or shifts"
vs_classical_orig,gpc,toniot_scanning_natural_cur,q4000,-0.004734715639339299,-0.013075889781428622,0.003606458502750024,cluster_t,,,,,,qsplit_seed,5,45,3,t-interval on qsplit-cluster means within size stratum,"qsplit clusters ~independent given fixed benchmark pools (audited overlap <=1.2% EMBER, <=7.8% netflow OOD); cluster means approx normal; master seed and size are fixed strata inside clusters; CONDITIONAL pipeline-realization uncertainty -- not inference about a population of datasets or shifts"
vs_classical_orig,gpc,unsw_dos_m2_centroid,all,-0.005598410745717437,-0.019270943891327347,0.008074122399892473,cluster_t,-0.01131342428644464,0.008681921487420896,bca,-0.01042957345408028,-0.0036491757941132796,qsplit_seed,5,135,9,"t-interval on 5 qsplit-cluster nested means (Ibragimov-Muller, conditional sensitivity)","qsplit clusters ~independent given fixed benchmark pools (audited overlap <=1.2% EMBER, <=7.8% netflow OOD); cluster means approx normal; master seed and size are fixed strata inside clusters; CONDITIONAL pipeline-realization uncertainty -- not inference about a population of datasets or shifts"
vs_classical_orig,gpc,unsw_dos_m2_centroid,q1000,0.014407296347589438,-0.034866330094569464,0.06368092278974834,cluster_t,,,,,,qsplit_seed,5,45,3,t-interval on qsplit-cluster means within size stratum,"qsplit clusters ~independent given fixed benchmark pools (audited overlap <=1.2% EMBER, <=7.8% netflow OOD); cluster means approx normal; master seed and size are fixed strata inside clusters; CONDITIONAL pipeline-realization uncertainty -- not inference about a population of datasets or shifts"
vs_classical_orig,gpc,unsw_dos_m2_centroid,q2000,-0.01938962672037712,-0.04131598292677888,0.002536729486024642,cluster_t,,,,,,qsplit_seed,5,45,3,t-interval on qsplit-cluster means within size stratum,"qsplit clusters ~independent given fixed benchmark pools (audited overlap <=1.2% EMBER, <=7.8% netflow OOD); cluster means approx normal; master seed and size are fixed strata inside clusters; CONDITIONAL pipeline-realization uncertainty -- not inference about a population of datasets or shifts"
vs_classical_orig,gpc,unsw_dos_m2_centroid,q4000,-0.011812901864364627,-0.03787633118988162,0.01425052746115236,cluster_t,,,,,,qsplit_seed,5,45,3,t-interval on qsplit-cluster means within size stratum,"qsplit clusters ~independent given fixed benchmark pools (audited overlap <=1.2% EMBER, <=7.8% netflow OOD); cluster means approx normal; master seed and size are fixed strata inside clusters; CONDITIONAL pipeline-realization uncertainty -- not inference about a population of datasets or shifts"
vs_classical_orig,gpc,unsw_dos_natural_cur,all,0.004057578755952714,7.408050936718886e-05,0.008041077002538238,cluster_t,0.0009537171067380893,0.006064351908507012,bca,0.003153521909092051,0.00525354973304745,qsplit_seed,5,135,9,"t-interval on 5 qsplit-cluster nested means (Ibragimov-Muller, conditional sensitivity)","qsplit clusters ~independent given fixed benchmark pools (audited overlap <=1.2% EMBER, <=7.8% netflow OOD); cluster means approx normal; master seed and size are fixed strata inside clusters; CONDITIONAL pipeline-realization uncertainty -- not inference about a population of datasets or shifts"
vs_classical_orig,gpc,unsw_dos_natural_cur,q1000,0.007038842653272685,-0.005225877829586194,0.019303563136131564,cluster_t,,,,,,qsplit_seed,5,45,3,t-interval on qsplit-cluster means within size stratum,"qsplit clusters ~independent given fixed benchmark pools (audited overlap <=1.2% EMBER, <=7.8% netflow OOD); cluster means approx normal; master seed and size are fixed strata inside clusters; CONDITIONAL pipeline-realization uncertainty -- not inference about a population of datasets or shifts"
vs_classical_orig,gpc,unsw_dos_natural_cur,q2000,0.0013381972581789799,-0.010379558456748563,0.013055952973106522,cluster_t,,,,,,qsplit_seed,5,45,3,t-interval on qsplit-cluster means within size stratum,"qsplit clusters ~independent given fixed benchmark pools (audited overlap <=1.2% EMBER, <=7.8% netflow OOD); cluster means approx normal; master seed and size are fixed strata inside clusters; CONDITIONAL pipeline-realization uncertainty -- not inference about a population of datasets or shifts"
vs_classical_orig,gpc,unsw_dos_natural_cur,q4000,0.003795696356406476,-0.004240279347950329,0.011831672060763281,cluster_t,,,,,,qsplit_seed,5,45,3,t-interval on qsplit-cluster means within size stratum,"qsplit clusters ~independent given fixed benchmark pools (audited overlap <=1.2% EMBER, <=7.8% netflow OOD); cluster means approx normal; master seed and size are fixed strata inside clusters; CONDITIONAL pipeline-realization uncertainty -- not inference about a population of datasets or shifts"
vs_classical_orig,gpc,unsw_recon_m2_centroid,all,-0.008316818306503784,-0.014603677080932765,-0.002029959532074804,cluster_t,-0.012544427983103072,-0.004703192137818726,bca,-0.0099065320938908,-0.006708096825044216,qsplit_seed,5,135,9,"t-interval on 5 qsplit-cluster nested means (Ibragimov-Muller, conditional sensitivity)","qsplit clusters ~independent given fixed benchmark pools (audited overlap <=1.2% EMBER, <=7.8% netflow OOD); cluster means approx normal; master seed and size are fixed strata inside clusters; CONDITIONAL pipeline-realization uncertainty -- not inference about a population of datasets or shifts"
vs_classical_orig,gpc,unsw_recon_m2_centroid,q1000,-0.011804468167068241,-0.023358562455184646,-0.00025037387895183484,cluster_t,,,,,,qsplit_seed,5,45,3,t-interval on qsplit-cluster means within size stratum,"qsplit clusters ~independent given fixed benchmark pools (audited overlap <=1.2% EMBER, <=7.8% netflow OOD); cluster means approx normal; master seed and size are fixed strata inside clusters; CONDITIONAL pipeline-realization uncertainty -- not inference about a population of datasets or shifts"
vs_classical_orig,gpc,unsw_recon_m2_centroid,q2000,-0.008825272665124142,-0.028778285902799967,0.011127740572551684,cluster_t,,,,,,qsplit_seed,5,45,3,t-interval on qsplit-cluster means within size stratum,"qsplit clusters ~independent given fixed benchmark pools (audited overlap <=1.2% EMBER, <=7.8% netflow OOD); cluster means approx normal; master seed and size are fixed strata inside clusters; CONDITIONAL pipeline-realization uncertainty -- not inference about a population of datasets or shifts"
vs_classical_orig,gpc,unsw_recon_m2_centroid,q4000,-0.004320714087318969,-0.018821464831462183,0.010180036656824244,cluster_t,,,,,,qsplit_seed,5,45,3,t-interval on qsplit-cluster means within size stratum,"qsplit clusters ~independent given fixed benchmark pools (audited overlap <=1.2% EMBER, <=7.8% netflow OOD); cluster means approx normal; master seed and size are fixed strata inside clusters; CONDITIONAL pipeline-realization uncertainty -- not inference about a population of datasets or shifts"
vs_classical_orig,gpc,unsw_recon_natural_cur,all,0.007352325403414751,6.168802103929082e-05,0.014642962785790211,cluster_t,0.003837053039876287,0.013503707550832703,bca,0.0049515185193539256,0.008541521832300109,qsplit_seed,5,135,9,"t-interval on 5 qsplit-cluster nested means (Ibragimov-Muller, conditional sensitivity)","qsplit clusters ~independent given fixed benchmark pools (audited overlap <=1.2% EMBER, <=7.8% netflow OOD); cluster means approx normal; master seed and size are fixed strata inside clusters; CONDITIONAL pipeline-realization uncertainty -- not inference about a population of datasets or shifts"
vs_classical_orig,gpc,unsw_recon_natural_cur,q1000,0.014921747303262425,-0.003179207230705205,0.03302270183723005,cluster_t,,,,,,qsplit_seed,5,45,3,t-interval on qsplit-cluster means within size stratum,"qsplit clusters ~independent given fixed benchmark pools (audited overlap <=1.2% EMBER, <=7.8% netflow OOD); cluster means approx normal; master seed and size are fixed strata inside clusters; CONDITIONAL pipeline-realization uncertainty -- not inference about a population of datasets or shifts"
vs_classical_orig,gpc,unsw_recon_natural_cur,q2000,0.0031645673791781273,-0.005529940411113251,0.011859075169469505,cluster_t,,,,,,qsplit_seed,5,45,3,t-interval on qsplit-cluster means within size stratum,"qsplit clusters ~independent given fixed benchmark pools (audited overlap <=1.2% EMBER, <=7.8% netflow OOD); cluster means approx normal; master seed and size are fixed strata inside clusters; CONDITIONAL pipeline-realization uncertainty -- not inference about a population of datasets or shifts"
vs_classical_orig,gpc,unsw_recon_natural_cur,q4000,0.0039706615278036995,-0.005928378343265616,0.013869701398873016,cluster_t,,,,,,qsplit_seed,5,45,3,t-interval on qsplit-cluster means within size stratum,"qsplit clusters ~independent given fixed benchmark pools (audited overlap <=1.2% EMBER, <=7.8% netflow OOD); cluster means approx normal; master seed and size are fixed strata inside clusters; CONDITIONAL pipeline-realization uncertainty -- not inference about a population of datasets or shifts"
vs_classical_orig,gpc,dataset_equal_mean,all,0.004273600642404356,,,descriptive,,,,0.0012422183787160661,0.0059549395214999285,none (descriptive),4,8,72,dataset-equal-weighted mean of case-study effects; jackknife columns hold the leave-one-dataset-out range,descriptive summary of fixed case studies; no population inference
vs_classical_orig,gpc,heterogeneity,all,0.03965378602955762,-0.008316818306503784,0.03133696772305383,range,,,,,0.01349554469282281,none (descriptive),8,8,72,"between-case heterogeneity: effect=range, ci=[min,max], jackknife_max=SD of case effects","descriptive; case studies are fixed, not sampled"
vs_classical_orig,svc,ember_m1,all,-0.009477763074001227,-0.03363462474833228,0.014679098600329827,cluster_t,-0.02603206658536525,0.006309329113367452,bca,-0.016306957482810622,-0.002665909530917685,qsplit_seed,5,135,9,"t-interval on 5 qsplit-cluster nested means (Ibragimov-Muller, conditional sensitivity)","qsplit clusters ~independent given fixed benchmark pools (audited overlap <=1.2% EMBER, <=7.8% netflow OOD); cluster means approx normal; master seed and size are fixed strata inside clusters; CONDITIONAL pipeline-realization uncertainty -- not inference about a population of datasets or shifts"
vs_classical_orig,svc,ember_m1,q1000,-0.032460831757673905,-0.07955050814172822,0.014628844626380408,cluster_t,,,,,,qsplit_seed,5,45,3,t-interval on qsplit-cluster means within size stratum,"qsplit clusters ~independent given fixed benchmark pools (audited overlap <=1.2% EMBER, <=7.8% netflow OOD); cluster means approx normal; master seed and size are fixed strata inside clusters; CONDITIONAL pipeline-realization uncertainty -- not inference about a population of datasets or shifts"
vs_classical_orig,svc,ember_m1,q2000,0.0040062335140747,-0.011704799077951272,0.019717266106100674,cluster_t,,,,,,qsplit_seed,5,45,3,t-interval on qsplit-cluster means within size stratum,"qsplit clusters ~independent given fixed benchmark pools (audited overlap <=1.2% EMBER, <=7.8% netflow OOD); cluster means approx normal; master seed and size are fixed strata inside clusters; CONDITIONAL pipeline-realization uncertainty -- not inference about a population of datasets or shifts"
vs_classical_orig,svc,ember_m1,q4000,2.1309021595516952e-05,-0.025821523025254988,0.025864141068446023,cluster_t,,,,,,qsplit_seed,5,45,3,t-interval on qsplit-cluster means within size stratum,"qsplit clusters ~independent given fixed benchmark pools (audited overlap <=1.2% EMBER, <=7.8% netflow OOD); cluster means approx normal; master seed and size are fixed strata inside clusters; CONDITIONAL pipeline-realization uncertainty -- not inference about a population of datasets or shifts"
vs_classical_orig,svc,ember_m2,all,0.013875580426072523,0.0038508875213553503,0.023900273330789694,cluster_t,0.00851873137089052,0.02158950309470392,bca,0.010789377910991875,0.0158913778731405,qsplit_seed,5,135,9,"t-interval on 5 qsplit-cluster nested means (Ibragimov-Muller, conditional sensitivity)","qsplit clusters ~independent given fixed benchmark pools (audited overlap <=1.2% EMBER, <=7.8% netflow OOD); cluster means approx normal; master seed and size are fixed strata inside clusters; CONDITIONAL pipeline-realization uncertainty -- not inference about a population of datasets or shifts"
vs_classical_orig,svc,ember_m2,q1000,0.011980281175237884,-0.0036606242890478546,0.02762118663952362,cluster_t,,,,,,qsplit_seed,5,45,3,t-interval on qsplit-cluster means within size stratum,"qsplit clusters ~independent given fixed benchmark pools (audited overlap <=1.2% EMBER, <=7.8% netflow OOD); cluster means approx normal; master seed and size are fixed strata inside clusters; CONDITIONAL pipeline-realization uncertainty -- not inference about a population of datasets or shifts"
vs_classical_orig,svc,ember_m2,q2000,0.0033068799667456917,-0.017274194936692574,0.02388795487018396,cluster_t,,,,,,qsplit_seed,5,45,3,t-interval on qsplit-cluster means within size stratum,"qsplit clusters ~independent given fixed benchmark pools (audited overlap <=1.2% EMBER, <=7.8% netflow OOD); cluster means approx normal; master seed and size are fixed strata inside clusters; CONDITIONAL pipeline-realization uncertainty -- not inference about a population of datasets or shifts"
vs_classical_orig,svc,ember_m2,q4000,0.02633958013623399,0.021601760920332495,0.031077399352135486,cluster_t,,,,,,qsplit_seed,5,45,3,t-interval on qsplit-cluster means within size stratum,"qsplit clusters ~independent given fixed benchmark pools (audited overlap <=1.2% EMBER, <=7.8% netflow OOD); cluster means approx normal; master seed and size are fixed strata inside clusters; CONDITIONAL pipeline-realization uncertainty -- not inference about a population of datasets or shifts"
vs_classical_orig,svc,toniot_scanning_m2_centroid,all,-0.0016105368679613576,-0.005582286006972677,0.0023612122710499625,cluster_t,-0.004264044860805441,0.0007153029503541214,bca,-0.002643312896439108,-0.0005731305104722372,qsplit_seed,5,135,9,"t-interval on 5 qsplit-cluster nested means (Ibragimov-Muller, conditional sensitivity)","qsplit clusters ~independent given fixed benchmark pools (audited overlap <=1.2% EMBER, <=7.8% netflow OOD); cluster means approx normal; master seed and size are fixed strata inside clusters; CONDITIONAL pipeline-realization uncertainty -- not inference about a population of datasets or shifts"
vs_classical_orig,svc,toniot_scanning_m2_centroid,q1000,-0.0022277252034295075,-0.009456653464354592,0.005001203057495578,cluster_t,,,,,,qsplit_seed,5,45,3,t-interval on qsplit-cluster means within size stratum,"qsplit clusters ~independent given fixed benchmark pools (audited overlap <=1.2% EMBER, <=7.8% netflow OOD); cluster means approx normal; master seed and size are fixed strata inside clusters; CONDITIONAL pipeline-realization uncertainty -- not inference about a population of datasets or shifts"
vs_classical_orig,svc,toniot_scanning_m2_centroid,q2000,-0.0025690400947923587,-0.00810310784243079,0.0029650276528460718,cluster_t,,,,,,qsplit_seed,5,45,3,t-interval on qsplit-cluster means within size stratum,"qsplit clusters ~independent given fixed benchmark pools (audited overlap <=1.2% EMBER, <=7.8% netflow OOD); cluster means approx normal; master seed and size are fixed strata inside clusters; CONDITIONAL pipeline-realization uncertainty -- not inference about a population of datasets or shifts"
vs_classical_orig,svc,toniot_scanning_m2_centroid,q4000,-3.484530566220659e-05,-0.005235766577822291,0.005166075966497877,cluster_t,,,,,,qsplit_seed,5,45,3,t-interval on qsplit-cluster means within size stratum,"qsplit clusters ~independent given fixed benchmark pools (audited overlap <=1.2% EMBER, <=7.8% netflow OOD); cluster means approx normal; master seed and size are fixed strata inside clusters; CONDITIONAL pipeline-realization uncertainty -- not inference about a population of datasets or shifts"
vs_classical_orig,svc,toniot_scanning_natural_cur,all,-0.017248686168234547,-0.02762060125299752,-0.006876771083471575,cluster_t,-0.024047362305239652,-0.01096719360615831,bca,-0.01972204985185048,-0.014482174964338825,qsplit_seed,5,135,9,"t-interval on 5 qsplit-cluster nested means (Ibragimov-Muller, conditional sensitivity)","qsplit clusters ~independent given fixed benchmark pools (audited overlap <=1.2% EMBER, <=7.8% netflow OOD); cluster means approx normal; master seed and size are fixed strata inside clusters; CONDITIONAL pipeline-realization uncertainty -- not inference about a population of datasets or shifts"
vs_classical_orig,svc,toniot_scanning_natural_cur,q1000,-0.006809877473975576,-0.021140824467334157,0.007521069519383006,cluster_t,,,,,,qsplit_seed,5,45,3,t-interval on qsplit-cluster means within size stratum,"qsplit clusters ~independent given fixed benchmark pools (audited overlap <=1.2% EMBER, <=7.8% netflow OOD); cluster means approx normal; master seed and size are fixed strata inside clusters; CONDITIONAL pipeline-realization uncertainty -- not inference about a population of datasets or shifts"
vs_classical_orig,svc,toniot_scanning_natural_cur,q2000,-0.014823758595606598,-0.062044600233640446,0.03239708304242725,cluster_t,,,,,,qsplit_seed,5,45,3,t-interval on qsplit-cluster means within size stratum,"qsplit clusters ~independent given fixed benchmark pools (audited overlap <=1.2% EMBER, <=7.8% netflow OOD); cluster means approx normal; master seed and size are fixed strata inside clusters; CONDITIONAL pipeline-realization uncertainty -- not inference about a population of datasets or shifts"
vs_classical_orig,svc,toniot_scanning_natural_cur,q4000,-0.030112422435121477,-0.07391541893000986,0.013690574059766907,cluster_t,,,,,,qsplit_seed,5,45,3,t-interval on qsplit-cluster means within size stratum,"qsplit clusters ~independent given fixed benchmark pools (audited overlap <=1.2% EMBER, <=7.8% netflow OOD); cluster means approx normal; master seed and size are fixed strata inside clusters; CONDITIONAL pipeline-realization uncertainty -- not inference about a population of datasets or shifts"
vs_classical_orig,svc,unsw_dos_m2_centroid,all,-0.008489562638226037,-0.013723990206008459,-0.0032551350704436164,cluster_t,-0.011697045726816725,-0.005097924790791379,bca,-0.009855048531979736,-0.007328770584734246,qsplit_seed,5,135,9,"t-interval on 5 qsplit-cluster nested means (Ibragimov-Muller, conditional sensitivity)","qsplit clusters ~independent given fixed benchmark pools (audited overlap <=1.2% EMBER, <=7.8% netflow OOD); cluster means approx normal; master seed and size are fixed strata inside clusters; CONDITIONAL pipeline-realization uncertainty -- not inference about a population of datasets or shifts"
vs_classical_orig,svc,unsw_dos_m2_centroid,q1000,-0.008603385030445729,-0.020050420202065045,0.0028436501411735864,cluster_t,,,,,,qsplit_seed,5,45,3,t-interval on qsplit-cluster means within size stratum,"qsplit clusters ~independent given fixed benchmark pools (audited overlap <=1.2% EMBER, <=7.8% netflow OOD); cluster means approx normal; master seed and size are fixed strata inside clusters; CONDITIONAL pipeline-realization uncertainty -- not inference about a population of datasets or shifts"
vs_classical_orig,svc,unsw_dos_m2_centroid,q2000,-0.013488345656108024,-0.023206118943674157,-0.0037705723685418913,cluster_t,,,,,,qsplit_seed,5,45,3,t-interval on qsplit-cluster means within size stratum,"qsplit clusters ~independent given fixed benchmark pools (audited overlap <=1.2% EMBER, <=7.8% netflow OOD); cluster means approx normal; master seed and size are fixed strata inside clusters; CONDITIONAL pipeline-realization uncertainty -- not inference about a population of datasets or shifts"
vs_classical_orig,svc,unsw_dos_m2_centroid,q4000,-0.003376957228124354,-0.013625866686511598,0.006871952230262889,cluster_t,,,,,,qsplit_seed,5,45,3,t-interval on qsplit-cluster means within size stratum,"qsplit clusters ~independent given fixed benchmark pools (audited overlap <=1.2% EMBER, <=7.8% netflow OOD); cluster means approx normal; master seed and size are fixed strata inside clusters; CONDITIONAL pipeline-realization uncertainty -- not inference about a population of datasets or shifts"
vs_classical_orig,svc,unsw_dos_natural_cur,all,-0.00425302267877623,-0.013774448334220816,0.005268402976668356,cluster_t,-0.010941797172176868,0.0013022664719102338,bca,-0.006351739407359868,-0.0018781007621844982,qsplit_seed,5,135,9,"t-interval on 5 qsplit-cluster nested means (Ibragimov-Muller, conditional sensitivity)","qsplit clusters ~independent given fixed benchmark pools (audited overlap <=1.2% EMBER, <=7.8% netflow OOD); cluster means approx normal; master seed and size are fixed strata inside clusters; CONDITIONAL pipeline-realization uncertainty -- not inference about a population of datasets or shifts"
vs_classical_orig,svc,unsw_dos_natural_cur,q1000,-0.006015997071379191,-0.020454558353119354,0.008422564210360972,cluster_t,,,,,,qsplit_seed,5,45,3,t-interval on qsplit-cluster means within size stratum,"qsplit clusters ~independent given fixed benchmark pools (audited overlap <=1.2% EMBER, <=7.8% netflow OOD); cluster means approx normal; master seed and size are fixed strata inside clusters; CONDITIONAL pipeline-realization uncertainty -- not inference about a population of datasets or shifts"
vs_classical_orig,svc,unsw_dos_natural_cur,q2000,-0.004165897192155874,-0.014889757233413483,0.0065579628491017365,cluster_t,,,,,,qsplit_seed,5,45,3,t-interval on qsplit-cluster means within size stratum,"qsplit clusters ~independent given fixed benchmark pools (audited overlap <=1.2% EMBER, <=7.8% netflow OOD); cluster means approx normal; master seed and size are fixed strata inside clusters; CONDITIONAL pipeline-realization uncertainty -- not inference about a population of datasets or shifts"
vs_classical_orig,svc,unsw_dos_natural_cur,q4000,-0.002577173772793624,-0.014102953508608065,0.008948605963020816,cluster_t,,,,,,qsplit_seed,5,45,3,t-interval on qsplit-cluster means within size stratum,"qsplit clusters ~independent given fixed benchmark pools (audited overlap <=1.2% EMBER, <=7.8% netflow OOD); cluster means approx normal; master seed and size are fixed strata inside clusters; CONDITIONAL pipeline-realization uncertainty -- not inference about a population of datasets or shifts"
vs_classical_orig,svc,unsw_recon_m2_centroid,all,-0.0075657530986521365,-0.017482107928138667,0.0023506017308343938,cluster_t,-0.013526223184196473,-0.0008383811191329946,bca,-0.01012050576939661,-0.0054977655987356825,qsplit_seed,5,135,9,"t-interval on 5 qsplit-cluster nested means (Ibragimov-Muller, conditional sensitivity)","qsplit clusters ~independent given fixed benchmark pools (audited overlap <=1.2% EMBER, <=7.8% netflow OOD); cluster means approx normal; master seed and size are fixed strata inside clusters; CONDITIONAL pipeline-realization uncertainty -- not inference about a population of datasets or shifts"
vs_classical_orig,svc,unsw_recon_m2_centroid,q1000,-0.00978667075876426,-0.034450489700664076,0.014877148183135555,cluster_t,,,,,,qsplit_seed,5,45,3,t-interval on qsplit-cluster means within size stratum,"qsplit clusters ~independent given fixed benchmark pools (audited overlap <=1.2% EMBER, <=7.8% netflow OOD); cluster means approx normal; master seed and size are fixed strata inside clusters; CONDITIONAL pipeline-realization uncertainty -- not inference about a population of datasets or shifts"
vs_classical_orig,svc,unsw_recon_m2_centroid,q2000,-0.014853475410059547,-0.028165010222681225,-0.0015419405974378703,cluster_t,,,,,,qsplit_seed,5,45,3,t-interval on qsplit-cluster means within size stratum,"qsplit clusters ~independent given fixed benchmark pools (audited overlap <=1.2% EMBER, <=7.8% netflow OOD); cluster means approx normal; master seed and size are fixed strata inside clusters; CONDITIONAL pipeline-realization uncertainty -- not inference about a population of datasets or shifts"
vs_classical_orig,svc,unsw_recon_m2_centroid,q4000,0.001942886872867397,-0.002979398832831215,0.006865172578566009,cluster_t,,,,,,qsplit_seed,5,45,3,t-interval on qsplit-cluster means within size stratum,"qsplit clusters ~independent given fixed benchmark pools (audited overlap <=1.2% EMBER, <=7.8% netflow OOD); cluster means approx normal; master seed and size are fixed strata inside clusters; CONDITIONAL pipeline-realization uncertainty -- not inference about a population of datasets or shifts"
vs_classical_orig,svc,unsw_recon_natural_cur,all,0.00035161170073457127,-0.008197610949305031,0.008900834350774173,cluster_t,-0.004644632077613592,0.005787674658193928,bca,-0.0020488883469109557,0.0024748905606429812,qsplit_seed,5,135,9,"t-interval on 5 qsplit-cluster nested means (Ibragimov-Muller, conditional sensitivity)","qsplit clusters ~independent given fixed benchmark pools (audited overlap <=1.2% EMBER, <=7.8% netflow OOD); cluster means approx normal; master seed and size are fixed strata inside clusters; CONDITIONAL pipeline-realization uncertainty -- not inference about a population of datasets or shifts"
vs_classical_orig,svc,unsw_recon_natural_cur,q1000,-0.005913654549649175,-0.02933624752185399,0.01750893842255564,cluster_t,,,,,,qsplit_seed,5,45,3,t-interval on qsplit-cluster means within size stratum,"qsplit clusters ~independent given fixed benchmark pools (audited overlap <=1.2% EMBER, <=7.8% netflow OOD); cluster means approx normal; master seed and size are fixed strata inside clusters; CONDITIONAL pipeline-realization uncertainty -- not inference about a population of datasets or shifts"
vs_classical_orig,svc,unsw_recon_natural_cur,q2000,0.0053565957025473706,-8.686946461748148e-05,0.010800060869712223,cluster_t,,,,,,qsplit_seed,5,45,3,t-interval on qsplit-cluster means within size stratum,"qsplit clusters ~independent given fixed benchmark pools (audited overlap <=1.2% EMBER, <=7.8% netflow OOD); cluster means approx normal; master seed and size are fixed strata inside clusters; CONDITIONAL pipeline-realization uncertainty -- not inference about a population of datasets or shifts"
vs_classical_orig,svc,unsw_recon_natural_cur,q4000,0.0016118939493055169,-0.013513361249638171,0.016737149148249204,cluster_t,,,,,,qsplit_seed,5,45,3,t-interval on qsplit-cluster means within size stratum,"qsplit clusters ~independent given fixed benchmark pools (audited overlap <=1.2% EMBER, <=7.8% netflow OOD); cluster means approx normal; master seed and size are fixed strata inside clusters; CONDITIONAL pipeline-realization uncertainty -- not inference about a population of datasets or shifts"
vs_classical_orig,svc,dataset_equal_mean,all,-0.004302266549880555,,,descriptive,,,,-0.00646932495851929,-0.002593151560474756,none (descriptive),4,8,72,dataset-equal-weighted mean of case-study effects; jackknife columns hold the leave-one-dataset-out range,descriptive summary of fixed case studies; no population inference
vs_classical_orig,svc,heterogeneity,all,0.03112426659430707,-0.017248686168234547,0.013875580426072523,range,,,,,0.009117642828864845,none (descriptive),8,8,72,"between-case heterogeneity: effect=range, ci=[min,max], jackknife_max=SD of case effects","descriptive; case studies are fixed, not sampled"
vs_classical_ext,gpc,ember_m1,all,-0.0002609609388653709,-0.006727394939572628,0.006205473061841886,cluster_t,-0.004687859281817959,0.003996035722023112,bca,-0.002116635896539884,0.0015156481546224397,qsplit_seed,5,135,9,"t-interval on 5 qsplit-cluster nested means (Ibragimov-Muller, conditional sensitivity)","qsplit clusters ~independent given fixed benchmark pools (audited overlap <=1.2% EMBER, <=7.8% netflow OOD); cluster means approx normal; master seed and size are fixed strata inside clusters; CONDITIONAL pipeline-realization uncertainty -- not inference about a population of datasets or shifts"
vs_classical_ext,gpc,ember_m1,q1000,-0.008342676988586779,-0.028784921423887153,0.012099567446713595,cluster_t,,,,,,qsplit_seed,5,45,3,t-interval on qsplit-cluster means within size stratum,"qsplit clusters ~independent given fixed benchmark pools (audited overlap <=1.2% EMBER, <=7.8% netflow OOD); cluster means approx normal; master seed and size are fixed strata inside clusters; CONDITIONAL pipeline-realization uncertainty -- not inference about a population of datasets or shifts"
vs_classical_ext,gpc,ember_m1,q2000,0.0035751508472748306,-0.004133051978650014,0.011283353673199676,cluster_t,,,,,,qsplit_seed,5,45,3,t-interval on qsplit-cluster means within size stratum,"qsplit clusters ~independent given fixed benchmark pools (audited overlap <=1.2% EMBER, <=7.8% netflow OOD); cluster means approx normal; master seed and size are fixed strata inside clusters; CONDITIONAL pipeline-realization uncertainty -- not inference about a population of datasets or shifts"
vs_classical_ext,gpc,ember_m1,q4000,0.003984643324715835,-0.00704963118433018,0.015018917833761851,cluster_t,,,,,,qsplit_seed,5,45,3,t-interval on qsplit-cluster means within size stratum,"qsplit clusters ~independent given fixed benchmark pools (audited overlap <=1.2% EMBER, <=7.8% netflow OOD); cluster means approx normal; master seed and size are fixed strata inside clusters; CONDITIONAL pipeline-realization uncertainty -- not inference about a population of datasets or shifts"
vs_classical_ext,gpc,ember_m2,all,4.0819765708009595e-05,-0.005565100469190739,0.005646740000606758,cluster_t,-0.0032537858867843572,0.003662734903146006,bca,-0.001312005595582197,0.0015423723833777898,qsplit_seed,5,135,9,"t-interval on 5 qsplit-cluster nested means (Ibragimov-Muller, conditional sensitivity)","qsplit clusters ~independent given fixed benchmark pools (audited overlap <=1.2% EMBER, <=7.8% netflow OOD); cluster means approx normal; master seed and size are fixed strata inside clusters; CONDITIONAL pipeline-realization uncertainty -- not inference about a population of datasets or shifts"
vs_classical_ext,gpc,ember_m2,q1000,-0.0013216944532803306,-0.012461967150768822,0.009818578244208162,cluster_t,,,,,,qsplit_seed,5,45,3,t-interval on qsplit-cluster means within size stratum,"qsplit clusters ~independent given fixed benchmark pools (audited overlap <=1.2% EMBER, <=7.8% netflow OOD); cluster means approx normal; master seed and size are fixed strata inside clusters; CONDITIONAL pipeline-realization uncertainty -- not inference about a population of datasets or shifts"
vs_classical_ext,gpc,ember_m2,q2000,0.0026114509988167996,-0.006404178496736199,0.011627080494369798,cluster_t,,,,,,qsplit_seed,5,45,3,t-interval on qsplit-cluster means within size stratum,"qsplit clusters ~independent given fixed benchmark pools (audited overlap <=1.2% EMBER, <=7.8% netflow OOD); cluster means approx normal; master seed and size are fixed strata inside clusters; CONDITIONAL pipeline-realization uncertainty -- not inference about a population of datasets or shifts"
vs_classical_ext,gpc,ember_m2,q4000,-0.0011672972484124404,-0.005900859067186632,0.0035662645703617513,cluster_t,,,,,,qsplit_seed,5,45,3,t-interval on qsplit-cluster means within size stratum,"qsplit clusters ~independent given fixed benchmark pools (audited overlap <=1.2% EMBER, <=7.8% netflow OOD); cluster means approx normal; master seed and size are fixed strata inside clusters; CONDITIONAL pipeline-realization uncertainty -- not inference about a population of datasets or shifts"
vs_classical_ext,gpc,toniot_scanning_m2_centroid,all,0.007140621390143533,-0.005995974363806801,0.020277217144093865,cluster_t,0.00045425061414415644,0.017088827599234708,bca,0.0028469748772248535,0.009784329679819558,qsplit_seed,5,135,9,"t-interval on 5 qsplit-cluster nested means (Ibragimov-Muller, conditional sensitivity)","qsplit clusters ~independent given fixed benchmark pools (audited overlap <=1.2% EMBER, <=7.8% netflow OOD); cluster means approx normal; master seed and size are fixed strata inside clusters; CONDITIONAL pipeline-realization uncertainty -- not inference about a population of datasets or shifts"
vs_classical_ext,gpc,toniot_scanning_m2_centroid,q1000,0.016057763663613313,-0.023862756847236405,0.05597828417446303,cluster_t,,,,,,qsplit_seed,5,45,3,t-interval on qsplit-cluster means within size stratum,"qsplit clusters ~independent given fixed benchmark pools (audited overlap <=1.2% EMBER, <=7.8% netflow OOD); cluster means approx normal; master seed and size are fixed strata inside clusters; CONDITIONAL pipeline-realization uncertainty -- not inference about a population of datasets or shifts"
vs_classical_ext,gpc,toniot_scanning_m2_centroid,q2000,0.0033238487687099333,-0.004597209168519321,0.011244906705939188,cluster_t,,,,,,qsplit_seed,5,45,3,t-interval on qsplit-cluster means within size stratum,"qsplit clusters ~independent given fixed benchmark pools (audited overlap <=1.2% EMBER, <=7.8% netflow OOD); cluster means approx normal; master seed and size are fixed strata inside clusters; CONDITIONAL pipeline-realization uncertainty -- not inference about a population of datasets or shifts"
vs_classical_ext,gpc,toniot_scanning_m2_centroid,q4000,0.0020402517381073555,-0.0044815926175189235,0.008562096093733634,cluster_t,,,,,,qsplit_seed,5,45,3,t-interval on qsplit-cluster means within size stratum,"qsplit clusters ~independent given fixed benchmark pools (audited overlap <=1.2% EMBER, <=7.8% netflow OOD); cluster means approx normal; master seed and size are fixed strata inside clusters; CONDITIONAL pipeline-realization uncertainty -- not inference about a population of datasets or shifts"
vs_classical_ext,gpc,toniot_scanning_natural_cur,all,-0.009771712695938625,-0.01997173807078191,0.0004283126789046618,cluster_t,-0.01767129726901568,-0.004231400927599569,bca,-0.011441713667180392,-0.0067760544544649085,qsplit_seed,5,135,9,"t-interval on 5 qsplit-cluster nested means (Ibragimov-Muller, conditional sensitivity)","qsplit clusters ~independent given fixed benchmark pools (audited overlap <=1.2% EMBER, <=7.8% netflow OOD); cluster means approx normal; master seed and size are fixed strata inside clusters; CONDITIONAL pipeline-realization uncertainty -- not inference about a population of datasets or shifts"
vs_classical_ext,gpc,toniot_scanning_natural_cur,q1000,-0.014710287293622355,-0.03653979014871002,0.00711921556146531,cluster_t,,,,,,qsplit_seed,5,45,3,t-interval on qsplit-cluster means within size stratum,"qsplit clusters ~independent given fixed benchmark pools (audited overlap <=1.2% EMBER, <=7.8% netflow OOD); cluster means approx normal; master seed and size are fixed strata inside clusters; CONDITIONAL pipeline-realization uncertainty -- not inference about a population of datasets or shifts"
vs_classical_ext,gpc,toniot_scanning_natural_cur,q2000,-0.00667667528659852,-0.012706473209400472,-0.000646877363796569,cluster_t,,,,,,qsplit_seed,5,45,3,t-interval on qsplit-cluster means within size stratum,"qsplit clusters ~independent given fixed benchmark pools (audited overlap <=1.2% EMBER, <=7.8% netflow OOD); cluster means approx normal; master seed and size are fixed strata inside clusters; CONDITIONAL pipeline-realization uncertainty -- not inference about a population of datasets or shifts"
vs_classical_ext,gpc,toniot_scanning_natural_cur,q4000,-0.007928175507595,-0.013842737015171233,-0.0020136140000187657,cluster_t,,,,,,qsplit_seed,5,45,3,t-interval on qsplit-cluster means within size stratum,"qsplit clusters ~independent given fixed benchmark pools (audited overlap <=1.2% EMBER, <=7.8% netflow OOD); cluster means approx normal; master seed and size are fixed strata inside clusters; CONDITIONAL pipeline-realization uncertainty -- not inference about a population of datasets or shifts"
vs_classical_ext,gpc,unsw_dos_m2_centroid,all,-0.014236959811828648,-0.020489047821388936,-0.00798487180226836,cluster_t,-0.01892265967861179,-0.010983063857010098,bca,-0.01545166155117958,-0.012395568274628708,qsplit_seed,5,135,9,"t-interval on 5 qsplit-cluster nested means (Ibragimov-Muller, conditional sensitivity)","qsplit clusters ~independent given fixed benchmark pools (audited overlap <=1.2% EMBER, <=7.8% netflow OOD); cluster means approx normal; master seed and size are fixed strata inside clusters; CONDITIONAL pipeline-realization uncertainty -- not inference about a population of datasets or shifts"
vs_classical_ext,gpc,unsw_dos_m2_centroid,q1000,-0.009996848004267566,-0.04560828502611962,0.025614589017584483,cluster_t,,,,,,qsplit_seed,5,45,3,t-interval on qsplit-cluster means within size stratum,"qsplit clusters ~independent given fixed benchmark pools (audited overlap <=1.2% EMBER, <=7.8% netflow OOD); cluster means approx normal; master seed and size are fixed strata inside clusters; CONDITIONAL pipeline-realization uncertainty -- not inference about a population of datasets or shifts"
vs_classical_ext,gpc,unsw_dos_m2_centroid,q2000,-0.02130947144814196,-0.039903449006044214,-0.0027154938902397042,cluster_t,,,,,,qsplit_seed,5,45,3,t-interval on qsplit-cluster means within size stratum,"qsplit clusters ~independent given fixed benchmark pools (audited overlap <=1.2% EMBER, <=7.8% netflow OOD); cluster means approx normal; master seed and size are fixed strata inside clusters; CONDITIONAL pipeline-realization uncertainty -- not inference about a population of datasets or shifts"
vs_classical_ext,gpc,unsw_dos_m2_centroid,q4000,-0.011404559983076408,-0.024305273381851834,0.001496153415699017,cluster_t,,,,,,qsplit_seed,5,45,3,t-interval on qsplit-cluster means within size stratum,"qsplit clusters ~independent given fixed benchmark pools (audited overlap <=1.2% EMBER, <=7.8% netflow OOD); cluster means approx normal; master seed and size are fixed strata inside clusters; CONDITIONAL pipeline-realization uncertainty -- not inference about a population of datasets or shifts"
vs_classical_ext,gpc,unsw_dos_natural_cur,all,-0.007884183154764907,-0.01615980802995762,0.000391441720427807,cluster_t,-0.012484798583353645,-0.0014351262686921038,bca,-0.01041923153896508,-0.006163710906362738,qsplit_seed,5,135,9,"t-interval on 5 qsplit-cluster nested means (Ibragimov-Muller, conditional sensitivity)","qsplit clusters ~independent given fixed benchmark pools (audited overlap <=1.2% EMBER, <=7.8% netflow OOD); cluster means approx normal; master seed and size are fixed strata inside clusters; CONDITIONAL pipeline-realization uncertainty -- not inference about a population of datasets or shifts"
vs_classical_ext,gpc,unsw_dos_natural_cur,q1000,-0.004525889263008767,-0.014241366597504725,0.005189588071487192,cluster_t,,,,,,qsplit_seed,5,45,3,t-interval on qsplit-cluster means within size stratum,"qsplit clusters ~independent given fixed benchmark pools (audited overlap <=1.2% EMBER, <=7.8% netflow OOD); cluster means approx normal; master seed and size are fixed strata inside clusters; CONDITIONAL pipeline-realization uncertainty -- not inference about a population of datasets or shifts"
vs_classical_ext,gpc,unsw_dos_natural_cur,q2000,-0.011906755886163092,-0.031867847206613106,0.008054335434286922,cluster_t,,,,,,qsplit_seed,5,45,3,t-interval on qsplit-cluster means within size stratum,"qsplit clusters ~independent given fixed benchmark pools (audited overlap <=1.2% EMBER, <=7.8% netflow OOD); cluster means approx normal; master seed and size are fixed strata inside clusters; CONDITIONAL pipeline-realization uncertainty -- not inference about a population of datasets or shifts"
vs_classical_ext,gpc,unsw_dos_natural_cur,q4000,-0.007219904315122863,-0.017667522980232005,0.003227714349986279,cluster_t,,,,,,qsplit_seed,5,45,3,t-interval on qsplit-cluster means within size stratum,"qsplit clusters ~independent given fixed benchmark pools (audited overlap <=1.2% EMBER, <=7.8% netflow OOD); cluster means approx normal; master seed and size are fixed strata inside clusters; CONDITIONAL pipeline-realization uncertainty -- not inference about a population of datasets or shifts"
vs_classical_ext,gpc,unsw_recon_m2_centroid,all,-0.010204078569793103,-0.030740277214511665,0.010332120074925458,cluster_t,-0.023370296966202273,0.002962139826616064,bca,-0.01491671777983003,-0.006088104762489248,qsplit_seed,5,135,9,"t-interval on 5 qsplit-cluster nested means (Ibragimov-Muller, conditional sensitivity)","qsplit clusters ~independent given fixed benchmark pools (audited overlap <=1.2% EMBER, <=7.8% netflow OOD); cluster means approx normal; master seed and size are fixed strata inside clusters; CONDITIONAL pipeline-realization uncertainty -- not inference about a population of datasets or shifts"
vs_classical_ext,gpc,unsw_recon_m2_centroid,q1000,-0.00878234291316363,-0.0490319178485385,0.031467232022211244,cluster_t,,,,,,qsplit_seed,5,45,3,t-interval on qsplit-cluster means within size stratum,"qsplit clusters ~independent given fixed benchmark pools (audited overlap <=1.2% EMBER, <=7.8% netflow OOD); cluster means approx normal; master seed and size are fixed strata inside clusters; CONDITIONAL pipeline-realization uncertainty -- not inference about a population of datasets or shifts"
vs_classical_ext,gpc,unsw_recon_m2_centroid,q2000,-0.0136503927223311,-0.0327590814824136,0.005458296037751395,cluster_t,,,,,,qsplit_seed,5,45,3,t-interval on qsplit-cluster means within size stratum,"qsplit clusters ~independent given fixed benchmark pools (audited overlap <=1.2% EMBER, <=7.8% netflow OOD); cluster means approx normal; master seed and size are fixed strata inside clusters; CONDITIONAL pipeline-realization uncertainty -- not inference about a population of datasets or shifts"
vs_classical_ext,gpc,unsw_recon_m2_centroid,q4000,-0.008179500073884582,-0.023401188143096153,0.007042187995326989,cluster_t,,,,,,qsplit_seed,5,45,3,t-interval on qsplit-cluster means within size stratum,"qsplit clusters ~independent given fixed benchmark pools (audited overlap <=1.2% EMBER, <=7.8% netflow OOD); cluster means approx normal; master seed and size are fixed strata inside clusters; CONDITIONAL pipeline-realization uncertainty -- not inference about a population of datasets or shifts"
vs_classical_ext,gpc,unsw_recon_natural_cur,all,0.00289915008496941,-0.006845114319850453,0.012643414489789272,cluster_t,-0.004583990009770875,0.007847623522047103,bca,0.0007921660895835892,0.0059720050611744135,qsplit_seed,5,135,9,"t-interval on 5 qsplit-cluster nested means (Ibragimov-Muller, conditional sensitivity)","qsplit clusters ~independent given fixed benchmark pools (audited overlap <=1.2% EMBER, <=7.8% netflow OOD); cluster means approx normal; master seed and size are fixed strata inside clusters; CONDITIONAL pipeline-realization uncertainty -- not inference about a population of datasets or shifts"
vs_classical_ext,gpc,unsw_recon_natural_cur,q1000,0.01323294203796511,0.002448555514148961,0.024017328561781258,cluster_t,,,,,,qsplit_seed,5,45,3,t-interval on qsplit-cluster means within size stratum,"qsplit clusters ~independent given fixed benchmark pools (audited overlap <=1.2% EMBER, <=7.8% netflow OOD); cluster means approx normal; master seed and size are fixed strata inside clusters; CONDITIONAL pipeline-realization uncertainty -- not inference about a population of datasets or shifts"
vs_classical_ext,gpc,unsw_recon_natural_cur,q2000,-0.00273581068488602,-0.02417527695027692,0.018703655580504876,cluster_t,,,,,,qsplit_seed,5,45,3,t-interval on qsplit-cluster means within size stratum,"qsplit clusters ~independent given fixed benchmark pools (audited overlap <=1.2% EMBER, <=7.8% netflow OOD); cluster means approx normal; master seed and size are fixed strata inside clusters; CONDITIONAL pipeline-realization uncertainty -- not inference about a population of datasets or shifts"
vs_classical_ext,gpc,unsw_recon_natural_cur,q4000,-0.0017996810981708582,-0.008053918157569744,0.004454555961228028,cluster_t,,,,,,qsplit_seed,5,45,3,t-interval on qsplit-cluster means within size stratum,"qsplit clusters ~independent given fixed benchmark pools (audited overlap <=1.2% EMBER, <=7.8% netflow OOD); cluster means approx normal; master seed and size are fixed strata inside clusters; CONDITIONAL pipeline-realization uncertainty -- not inference about a population of datasets or shifts"
vs_classical_ext,gpc,dataset_equal_mean,all,-0.004034662991296213,,,descriptive,,,,-0.00534286045953539,-0.0016926934939626912,none (descriptive),4,8,72,dataset-equal-weighted mean of case-study effects; jackknife columns hold the leave-one-dataset-out range,descriptive summary of fixed case studies; no population inference
vs_classical_ext,gpc,heterogeneity,all,0.02137758120197218,-0.014236959811828648,0.007140621390143533,range,,,,,0.007499487844062978,none (descriptive),8,8,72,"between-case heterogeneity: effect=range, ci=[min,max], jackknife_max=SD of case effects","descriptive; case studies are fixed, not sampled"
vs_classical_ext,svc,ember_m1,all,-0.0023759169873962564,-0.03639009170134173,0.03163825772654922,cluster_t,-0.024145171003420778,0.018713269014647364,bca,-0.010177482880280916,0.0063773663658325715,qsplit_seed,5,135,9,"t-interval on 5 qsplit-cluster nested means (Ibragimov-Muller, conditional sensitivity)","qsplit clusters ~independent given fixed benchmark pools (audited overlap <=1.2% EMBER, <=7.8% netflow OOD); cluster means approx normal; master seed and size are fixed strata inside clusters; CONDITIONAL pipeline-realization uncertainty -- not inference about a population of datasets or shifts"
vs_classical_ext,svc,ember_m1,q1000,-0.021209853733297653,-0.05912576196011152,0.016706054493516212,cluster_t,,,,,,qsplit_seed,5,45,3,t-interval on qsplit-cluster means within size stratum,"qsplit clusters ~independent given fixed benchmark pools (audited overlap <=1.2% EMBER, <=7.8% netflow OOD); cluster means approx normal; master seed and size are fixed strata inside clusters; CONDITIONAL pipeline-realization uncertainty -- not inference about a population of datasets or shifts"
vs_classical_ext,svc,ember_m1,q2000,0.01395803002404881,-0.02429316326226133,0.052209223310358946,cluster_t,,,,,,qsplit_seed,5,45,3,t-interval on qsplit-cluster means within size stratum,"qsplit clusters ~independent given fixed benchmark pools (audited overlap <=1.2% EMBER, <=7.8% netflow OOD); cluster means approx normal; master seed and size are fixed strata inside clusters; CONDITIONAL pipeline-realization uncertainty -- not inference about a population of datasets or shifts"
vs_classical_ext,svc,ember_m1,q4000,0.00012407274706007082,-0.04213793084282304,0.042386076336943176,cluster_t,,,,,,qsplit_seed,5,45,3,t-interval on qsplit-cluster means within size stratum,"qsplit clusters ~independent given fixed benchmark pools (audited overlap <=1.2% EMBER, <=7.8% netflow OOD); cluster means approx normal; master seed and size are fixed strata inside clusters; CONDITIONAL pipeline-realization uncertainty -- not inference about a population of datasets or shifts"
vs_classical_ext,svc,ember_m2,all,-0.005271049654085151,-0.010385925728790983,-0.00015617357937932046,cluster_t,-0.008098735647921218,-0.0018239255788174563,bca,-0.006778034662936975,-0.004204225929245808,qsplit_seed,5,135,9,"t-interval on 5 qsplit-cluster nested means (Ibragimov-Muller, conditional sensitivity)","qsplit clusters ~independent given fixed benchmark pools (audited overlap <=1.2% EMBER, <=7.8% netflow OOD); cluster means approx normal; master seed and size are fixed strata inside clusters; CONDITIONAL pipeline-realization uncertainty -- not inference about a population of datasets or shifts"
vs_classical_ext,svc,ember_m2,q1000,0.00700319520561328,-0.007299782214442392,0.021306172625668952,cluster_t,,,,,,qsplit_seed,5,45,3,t-interval on qsplit-cluster means within size stratum,"qsplit clusters ~independent given fixed benchmark pools (audited overlap <=1.2% EMBER, <=7.8% netflow OOD); cluster means approx normal; master seed and size are fixed strata inside clusters; CONDITIONAL pipeline-realization uncertainty -- not inference about a population of datasets or shifts"
vs_classical_ext,svc,ember_m2,q2000,-0.014642226705806652,-0.028065482240228798,-0.0012189711713845065,cluster_t,,,,,,qsplit_seed,5,45,3,t-interval on qsplit-cluster means within size stratum,"qsplit clusters ~independent given fixed benchmark pools (audited overlap <=1.2% EMBER, <=7.8% netflow OOD); cluster means approx normal; master seed and size are fixed strata inside clusters; CONDITIONAL pipeline-realization uncertainty -- not inference about a population of datasets or shifts"
vs_classical_ext,svc,ember_m2,q4000,-0.008174117462062083,-0.016480630467191542,0.00013239554306737622,cluster_t,,,,,,qsplit_seed,5,45,3,t-interval on qsplit-cluster means within size stratum,"qsplit clusters ~independent given fixed benchmark pools (audited overlap <=1.2% EMBER, <=7.8% netflow OOD); cluster means approx normal; master seed and size are fixed strata inside clusters; CONDITIONAL pipeline-realization uncertainty -- not inference about a population of datasets or shifts"
vs_classical_ext,svc,toniot_scanning_m2_centroid,all,-0.0010910757179839498,-0.004641338755712655,0.002459187319744755,cluster_t,-0.003226897643193131,0.0012308999675304665,bca,-0.001982123147917562,-0.0003158083358946715,qsplit_seed,5,135,9,"t-interval on 5 qsplit-cluster nested means (Ibragimov-Muller, conditional sensitivity)","qsplit clusters ~independent given fixed benchmark pools (audited overlap <=1.2% EMBER, <=7.8% netflow OOD); cluster means approx normal; master seed and size are fixed strata inside clusters; CONDITIONAL pipeline-realization uncertainty -- not inference about a population of datasets or shifts"
vs_classical_ext,svc,toniot_scanning_m2_centroid,q1000,-0.004969959500518132,-0.011268020624427805,0.0013281016233915406,cluster_t,,,,,,qsplit_seed,5,45,3,t-interval on qsplit-cluster means within size stratum,"qsplit clusters ~independent given fixed benchmark pools (audited overlap <=1.2% EMBER, <=7.8% netflow OOD); cluster means approx normal; master seed and size are fixed strata inside clusters; CONDITIONAL pipeline-realization uncertainty -- not inference about a population of datasets or shifts"
vs_classical_ext,svc,toniot_scanning_m2_centroid,q2000,0.0020623794539805394,-0.003443325657499792,0.007568084565460871,cluster_t,,,,,,qsplit_seed,5,45,3,t-interval on qsplit-cluster means within size stratum,"qsplit clusters ~independent given fixed benchmark pools (audited overlap <=1.2% EMBER, <=7.8% netflow OOD); cluster means approx normal; master seed and size are fixed strata inside clusters; CONDITIONAL pipeline-realization uncertainty -- not inference about a population of datasets or shifts"
vs_classical_ext,svc,toniot_scanning_m2_centroid,q4000,-0.0003656471074142575,-0.0054084500806420915,0.004677155865813577,cluster_t,,,,,,qsplit_seed,5,45,3,t-interval on qsplit-cluster means within size stratum,"qsplit clusters ~independent given fixed benchmark pools (audited overlap <=1.2% EMBER, <=7.8% netflow OOD); cluster means approx normal; master seed and size are fixed strata inside clusters; CONDITIONAL pipeline-realization uncertainty -- not inference about a population of datasets or shifts"
vs_classical_ext,svc,toniot_scanning_natural_cur,all,-0.008965192760435779,-0.025247708583516708,0.007317323062645152,cluster_t,-0.01940488617688786,0.0014745006560163056,bca,-0.012434423236601298,-0.00579989923298368,qsplit_seed,5,135,9,"t-interval on 5 qsplit-cluster nested means (Ibragimov-Muller, conditional sensitivity)","qsplit clusters ~independent given fixed benchmark pools (audited overlap <=1.2% EMBER, <=7.8% netflow OOD); cluster means approx normal; master seed and size are fixed strata inside clusters; CONDITIONAL pipeline-realization uncertainty -- not inference about a population of datasets or shifts"
vs_classical_ext,svc,toniot_scanning_natural_cur,q1000,0.003319102297577506,-0.019534251970915743,0.026172456566070753,cluster_t,,,,,,qsplit_seed,5,45,3,t-interval on qsplit-cluster means within size stratum,"qsplit clusters ~independent given fixed benchmark pools (audited overlap <=1.2% EMBER, <=7.8% netflow OOD); cluster means approx normal; master seed and size are fixed strata inside clusters; CONDITIONAL pipeline-realization uncertainty -- not inference about a population of datasets or shifts"
vs_classical_ext,svc,toniot_scanning_natural_cur,q2000,-0.008418194168507013,-0.0433137488147706,0.026477360477756576,cluster_t,,,,,,qsplit_seed,5,45,3,t-interval on qsplit-cluster means within size stratum,"qsplit clusters ~independent given fixed benchmark pools (audited overlap <=1.2% EMBER, <=7.8% netflow OOD); cluster means approx normal; master seed and size are fixed strata inside clusters; CONDITIONAL pipeline-realization uncertainty -- not inference about a population of datasets or shifts"
vs_classical_ext,svc,toniot_scanning_natural_cur,q4000,-0.021796486410377833,-0.0671578133551387,0.023564840534383034,cluster_t,,,,,,qsplit_seed,5,45,3,t-interval on qsplit-cluster means within size stratum,"qsplit clusters ~independent given fixed benchmark pools (audited overlap <=1.2% EMBER, <=7.8% netflow OOD); cluster means approx normal; master seed and size are fixed strata inside clusters; CONDITIONAL pipeline-realization uncertainty -- not inference about a population of datasets or shifts"
vs_classical_ext,svc,unsw_dos_m2_centroid,all,-0.0021754030308200624,-0.011659702313595803,0.007308896251955677,cluster_t,-0.006925366081637641,0.005168218969241035,bca,-0.005328500484780991,-0.0002530182615397533,qsplit_seed,5,135,9,"t-interval on 5 qsplit-cluster nested means (Ibragimov-Muller, conditional sensitivity)","qsplit clusters ~independent given fixed benchmark pools (audited overlap <=1.2% EMBER, <=7.8% netflow OOD); cluster means approx normal; master seed and size are fixed strata inside clusters; CONDITIONAL pipeline-realization uncertainty -- not inference about a population of datasets or shifts"
vs_classical_ext,svc,unsw_dos_m2_centroid,q1000,0.006526984201329421,-0.016847767467178032,0.029901735869836875,cluster_t,,,,,,qsplit_seed,5,45,3,t-interval on qsplit-cluster means within size stratum,"qsplit clusters ~independent given fixed benchmark pools (audited overlap <=1.2% EMBER, <=7.8% netflow OOD); cluster means approx normal; master seed and size are fixed strata inside clusters; CONDITIONAL pipeline-realization uncertainty -- not inference about a population of datasets or shifts"
vs_classical_ext,svc,unsw_dos_m2_centroid,q2000,-0.009551745513937743,-0.02082137375039996,0.0017178827225244747,cluster_t,,,,,,qsplit_seed,5,45,3,t-interval on qsplit-cluster means within size stratum,"qsplit clusters ~independent given fixed benchmark pools (audited overlap <=1.2% EMBER, <=7.8% netflow OOD); cluster means approx normal; master seed and size are fixed strata inside clusters; CONDITIONAL pipeline-realization uncertainty -- not inference about a population of datasets or shifts"
vs_classical_ext,svc,unsw_dos_m2_centroid,q4000,-0.0035014477798518662,-0.015553930278217613,0.00855103471851388,cluster_t,,,,,,qsplit_seed,5,45,3,t-interval on qsplit-cluster means within size stratum,"qsplit clusters ~independent given fixed benchmark pools (audited overlap <=1.2% EMBER, <=7.8% netflow OOD); cluster means approx normal; master seed and size are fixed strata inside clusters; CONDITIONAL pipeline-realization uncertainty -- not inference about a population of datasets or shifts"
vs_classical_ext,svc,unsw_dos_natural_cur,all,-0.004052889923990162,-0.01856312931378122,0.010457349465800899,cluster_t,-0.01390321850393753,0.0044177968315703255,bca,-0.007602364180571792,-0.0002793279580517844,qsplit_seed,5,135,9,"t-interval on 5 qsplit-cluster nested means (Ibragimov-Muller, conditional sensitivity)","qsplit clusters ~independent given fixed benchmark pools (audited overlap <=1.2% EMBER, <=7.8% netflow OOD); cluster means approx normal; master seed and size are fixed strata inside clusters; CONDITIONAL pipeline-realization uncertainty -- not inference about a population of datasets or shifts"
vs_classical_ext,svc,unsw_dos_natural_cur,q1000,-0.004809136716991605,-0.030418361902823987,0.02080008846884078,cluster_t,,,,,,qsplit_seed,5,45,3,t-interval on qsplit-cluster means within size stratum,"qsplit clusters ~independent given fixed benchmark pools (audited overlap <=1.2% EMBER, <=7.8% netflow OOD); cluster means approx normal; master seed and size are fixed strata inside clusters; CONDITIONAL pipeline-realization uncertainty -- not inference about a population of datasets or shifts"
vs_classical_ext,svc,unsw_dos_natural_cur,q2000,-0.002017515514406467,-0.011579049787949349,0.007544018759136414,cluster_t,,,,,,qsplit_seed,5,45,3,t-interval on qsplit-cluster means within size stratum,"qsplit clusters ~independent given fixed benchmark pools (audited overlap <=1.2% EMBER, <=7.8% netflow OOD); cluster means approx normal; master seed and size are fixed strata inside clusters; CONDITIONAL pipeline-realization uncertainty -- not inference about a population of datasets or shifts"
vs_classical_ext,svc,unsw_dos_natural_cur,q4000,-0.005332017540572412,-0.027818168222031925,0.017154133140887103,cluster_t,,,,,,qsplit_seed,5,45,3,t-interval on qsplit-cluster means within size stratum,"qsplit clusters ~independent given fixed benchmark pools (audited overlap <=1.2% EMBER, <=7.8% netflow OOD); cluster means approx normal; master seed and size are fixed strata inside clusters; CONDITIONAL pipeline-realization uncertainty -- not inference about a population of datasets or shifts"
vs_classical_ext,svc,unsw_recon_m2_centroid,all,-0.009012140845524536,-0.01414079683263045,-0.003883484858418622,cluster_t,-0.01211867360915064,-0.005782066001755437,bca,-0.010170356073962163,-0.00811255458964128,qsplit_seed,5,135,9,"t-interval on 5 qsplit-cluster nested means (Ibragimov-Muller, conditional sensitivity)","qsplit clusters ~independent given fixed benchmark pools (audited overlap <=1.2% EMBER, <=7.8% netflow OOD); cluster means approx normal; master seed and size are fixed strata inside clusters; CONDITIONAL pipeline-realization uncertainty -- not inference about a population of datasets or shifts"
vs_classical_ext,svc,unsw_recon_m2_centroid,q1000,-0.01467490493396718,-0.028656495909891354,-0.000693313958043007,cluster_t,,,,,,qsplit_seed,5,45,3,t-interval on qsplit-cluster means within size stratum,"qsplit clusters ~independent given fixed benchmark pools (audited overlap <=1.2% EMBER, <=7.8% netflow OOD); cluster means approx normal; master seed and size are fixed strata inside clusters; CONDITIONAL pipeline-realization uncertainty -- not inference about a population of datasets or shifts"
vs_classical_ext,svc,unsw_recon_m2_centroid,q2000,-0.011445429833367729,-0.02039961716207507,-0.0024912425046603875,cluster_t,,,,,,qsplit_seed,5,45,3,t-interval on qsplit-cluster means within size stratum,"qsplit clusters ~independent given fixed benchmark pools (audited overlap <=1.2% EMBER, <=7.8% netflow OOD); cluster means approx normal; master seed and size are fixed strata inside clusters; CONDITIONAL pipeline-realization uncertainty -- not inference about a population of datasets or shifts"
vs_classical_ext,svc,unsw_recon_m2_centroid,q4000,-0.0009160877692386977,-0.007425148886167666,0.005592973347690271,cluster_t,,,,,,qsplit_seed,5,45,3,t-interval on qsplit-cluster means within size stratum,"qsplit clusters ~independent given fixed benchmark pools (audited overlap <=1.2% EMBER, <=7.8% netflow OOD); cluster means approx normal; master seed and size are fixed strata inside clusters; CONDITIONAL pipeline-realization uncertainty -- not inference about a population of datasets or shifts"
vs_classical_ext,svc,unsw_recon_natural_cur,all,0.005302575335510769,-0.0066933855227318245,0.017298536193753364,cluster_t,0.0002361800204044034,0.018088722219722565,bca,0.0010823298715827785,0.0068581338708990245,qsplit_seed,5,135,9,"t-interval on 5 qsplit-cluster nested means (Ibragimov-Muller, conditional sensitivity)","qsplit clusters ~independent given fixed benchmark pools (audited overlap <=1.2% EMBER, <=7.8% netflow OOD); cluster means approx normal; master seed and size are fixed strata inside clusters; CONDITIONAL pipeline-realization uncertainty -- not inference about a population of datasets or shifts"
vs_classical_ext,svc,unsw_recon_natural_cur,q1000,-0.003821060703119471,-0.03162750066890917,0.023985379262670223,cluster_t,,,,,,qsplit_seed,5,45,3,t-interval on qsplit-cluster means within size stratum,"qsplit clusters ~independent given fixed benchmark pools (audited overlap <=1.2% EMBER, <=7.8% netflow OOD); cluster means approx normal; master seed and size are fixed strata inside clusters; CONDITIONAL pipeline-realization uncertainty -- not inference about a population of datasets or shifts"
vs_classical_ext,svc,unsw_recon_natural_cur,q2000,0.012087447299189442,0.00337076761046249,0.020804126987916394,cluster_t,,,,,,qsplit_seed,5,45,3,t-interval on qsplit-cluster means within size stratum,"qsplit clusters ~independent given fixed benchmark pools (audited overlap <=1.2% EMBER, <=7.8% netflow OOD); cluster means approx normal; master seed and size are fixed strata inside clusters; CONDITIONAL pipeline-realization uncertainty -- not inference about a population of datasets or shifts"
vs_classical_ext,svc,unsw_recon_natural_cur,q4000,0.007641339410462335,0.0003648467029934415,0.014917832117931228,cluster_t,,,,,,qsplit_seed,5,45,3,t-interval on qsplit-cluster means within size stratum,"qsplit clusters ~independent given fixed benchmark pools (audited overlap <=1.2% EMBER, <=7.8% netflow OOD); cluster means approx normal; master seed and size are fixed strata inside clusters; CONDITIONAL pipeline-realization uncertainty -- not inference about a population of datasets or shifts"
vs_classical_ext,svc,dataset_equal_mean,all,-0.003455136698090641,,,descriptive,,,,-0.003988588012451893,-0.0029308041843842335,none (descriptive),4,8,72,dataset-equal-weighted mean of case-study effects; jackknife columns hold the leave-one-dataset-out range,descriptive summary of fixed case studies; no population inference
vs_classical_ext,svc,heterogeneity,all,0.014314716181035305,-0.009012140845524536,0.005302575335510769,range,,,,,0.0046288628580717465,none (descriptive),8,8,72,"between-case heterogeneity: effect=range, ci=[min,max], jackknife_max=SD of case effects","descriptive; case studies are fixed, not sampled"
